<application>
  <component name="Trusted.Paths">
    <option name="TRUSTED_PROJECT_PATHS">
      <map>
        <entry key="$USER_HOME$/Desktop/git/asix" value="true" />
        <entry key="$USER_HOME$/Desktop/git/asix/llm" value="true" />
        <entry key="$USER_HOME$/Desktop/git/asix/llm/06-js-game/rpg-game" value="true" />
        <entry key="$USER_HOME$/Desktop/git/asix/llm/07-js-shopping-list" value="true" />
        <entry key="$USER_HOME$/Desktop/git/asix/llm/09-xml-smartphone" value="true" />
        <entry key="$USER_HOME$/Desktop/git/asix/llm/10-xml-dtd" value="true" />
        <entry key="$USER_HOME$/Desktop/git/asix/llm/11-xml-schema" value="true" />
        <entry key="$USER_HOME$/Desktop/git/asix/llm/12-json" value="true" />
        <entry key="$USER_HOME$/Downloads/biblioteca-xml" value="true" />
      </map>
    </option>
  </component>
  <component name="Trusted.Paths.Settings">
    <option name="TRUSTED_PATHS">
      <list>
        <option value="$USER_HOME$/Desktop/git/asix/llm" />
        <option value="$USER_HOME$/Desktop/git" />
      </list>
    </option>
  </component>
</application>