<application>
  <component name="DimensionService">
    <size key="GridCell.Tab.0.left.0.0.3360.2100@192dpi" width="3196" height="606" />
    <size key="GridCell.Tab.0.center.0.0.3360.2100@192dpi" width="3196" height="606" />
    <size key="GridCell.Tab.0.right.0.0.3360.2100@192dpi" width="3196" height="606" />
    <size key="GridCell.Tab.0.bottom.0.0.3360.2100@192dpi" width="3196" height="606" />
    <size key="GridCell.Tab.1.left.0.0.3360.2100@192dpi" width="3196" height="606" />
    <size key="GridCell.Tab.1.center.0.0.3360.2100@192dpi" width="3196" height="606" />
    <size key="GridCell.Tab.1.right.0.0.3360.2100@192dpi" width="3196" height="606" />
    <size key="GridCell.Tab.1.bottom.0.0.3360.2100@192dpi" width="3196" height="606" />
    <size key="GridCell.Tab.2.left.0.0.3360.2100@192dpi" width="3196" height="606" />
    <size key="GridCell.Tab.2.center.0.0.3360.2100@192dpi" width="3196" height="606" />
    <size key="GridCell.Tab.2.right.0.0.3360.2100@192dpi" width="3196" height="606" />
    <size key="GridCell.Tab.2.bottom.0.0.3360.2100@192dpi" width="3196" height="606" />
    <size key="GridCell.Tab.3.left.0.0.3360.2100@192dpi" width="3196" height="606" />
    <size key="GridCell.Tab.3.center.0.0.3360.2100@192dpi" width="3196" height="606" />
    <size key="GridCell.Tab.3.right.0.0.3360.2100@192dpi" width="3196" height="606" />
    <size key="GridCell.Tab.3.bottom.0.0.3360.2100@192dpi" width="3196" height="606" />
  </component>
  <component name="WindowManager">
    <frame x="9" y="23" width="1902" height="1048" extendedState="6" />
  </component>
  <component name="WindowStateApplicationService">
    <state x="840" y="475" width="800" height="650" key="WELCOME_SCREEN" timestamp="1742825051191">
      <screen x="0" y="25" width="1680" height="1025" />
    </state>
    <state x="840" y="475" width="800" height="650" key="WELCOME_SCREEN/0.25.1680.1025" timestamp="1742825051191" />
    <state x="960" y="485" width="800" height="650" key="WELCOME_SCREEN/0.25.1920.1055" timestamp="1740770575996" />
  </component>
</application>